Ковалев Максим Денисович;Ravensys;0572807689390;0505538319734
Климов Дмитрий Александрович;aeeee;750358403123;236065542719
Кошелев Алексей Александрович;Spritebit;38172548341;2642058178803
Корнилова Таисия Никитична;Heartgold;400837722864;36074601472364
Волкова Полина Максимовна;Domplex;9426537376728;1325866947290
Дегтярева Анастасия Михайловна;Voldex;616391023888;6077984718468
Лебедева Вероника Демьяновна;Coreland;8531856033851;41909580319415
Лебедев Александр Дамирович;Freetrans;169927004092978;867624209895
Юдина Амина Львовна;Cliffpaw;71586814332;112281723764
Зайцев Максим Артемьевич;Cavewater;9284161360668;19465217306
abj;abs;1234;9899898